Genotype,14234,14244,14568,14588,14604,14689,14707,DH_Pooled,GFD_Pooled,GNPS_Pooled,GWPS_Pooled,PH_Pooled,GY_Pooled
AAI-W29,GG,AA,GG,AG,CC,AA,TT,87.275,43.136,54.635,2.487,105.657,377.428
AKAW5080,CC,GG,GG,AA,TT,GG,CC,80.225,44.57,47.878,1.955,98.548,381.368
AKAW5099,CC,AA,GG,AA,CC,GG,CC,76.579,45.286,56.952,2.559,93.936,423.772
BRW3877,CC,AA,GG,AG,CC,AA,TT,84.358,42.897,53.187,2.2,103.351,461.672
CG1029,CC,AA,GG,AA,CC,AA,CC,81.684,45.047,35.377,2.167,92.207,424.71
CG1034,GG,AA,GG,AA,TT,GG,CC,87.761,41.464,54.394,2.233,101.046,438.219
CG1035,CC,AA,GG,AA,CC,AA,CC,85.33,42.42,54.587,2.2,99.124,493.193
CG1036,CC,AA,GG,AA,CC,AA,CC,79.496,44.57,46.961,1.928,85.482,373.113
CG1037,CC,AA,GG,AA,CC,AG,CC,84.115,42.897,40.204,2.035,101.814,452.853
DBW107,CC,GG,GG,GG,CC,AA,TT,86.302,43.136,65.157,2.071,98.164,406.51
DBW110,CC,AA,GG,GG,CC,GG,TT,86.789,43.375,53.428,2.342,98.74,489.628
DBW290,CC,AG,GG,AA,CC,GG,CC,81.198,43.375,53.38,2.806,101.622,388.873
DBW296,CC,GG,GG,AA,CC,AA,CC,86.546,42.897,49.567,2.144,94.705,374.989
DBW303,CC,GG,GG,GG,CC,GG,TT,80.225,43.375,62.164,2.722,99.124,523.776
DBW307,CC,AA,AA,AA,CC,GG,CC,80.469,43.614,49.76,2.49,100.085,444.41
DBW310,CG,AA,GG,AA,CC,GG,CC,90.435,40.986,46.913,1.908,98.932,437.468
DBW311,GG,AA,GG,AA,CC,GG,CC,85.087,43.614,30.454,1.785,92.015,385.871
DBW312,GG,AA,GG,AA,TC,AA,CC,90.678,41.225,60.427,2.314,91.247,473.305
DBW313,CG,AA,AG,GG,CC,AG,TT,87.275,42.42,54.732,2.331,92.976,434.091
DBW314,CC,AA,GG,AA,CC,GG,CC,88.733,41.703,61.489,2.75,98.74,478.183
DBW316,CC,AA,GG,AA,TT,GG,CC,84.358,43.614,46.14,2.166,98.932,475.931
DBW319,CC,AA,AA,GG,CC,GG,TT,83.385,43.614,51.546,2.401,104.888,454.542
DBW320,CC,AA,GG,AA,CC,AG,CC,81.684,43.614,48.361,2.352,94.705,501.073
DBW321,CC,GG,GG,AA,CC,AA,CC,86.546,42.659,59.075,2.481,97.395,491.317
DBW322,CC,AG,AG,AA,CC,AA,CC,80.955,43.614,46.285,2.387,93.36,383.057
DBW326,CC,GG,GG,AA,CC,AA,CC,82.413,43.136,57.338,2.425,98.932,486.626
DBW327,CC,AA,GG,AA,CC,GG,CC,84.358,43.136,55.407,2.608,93.936,496.57
DBW328,CC,AA,GG,GG,CC,AA,TT,83.385,42.897,53.815,2.601,99.508,573.497
DBW329,GG,AA,GG,AA,TT,AG,CC,85.087,42.897,59.317,2.416,97.203,437.468
DBW331,CC,AA,GG,GG,TT,AA,TT,86.546,42.181,53.911,2.438,104.12,523.964
DBW332,CC,AA,AG,GG,CC,GG,TT,85.573,43.375,55.552,2.652,96.05,491.504
DBW335,CC,AA,GG,AG,CC,AA,TT,79.496,43.853,48.119,2.222,93.744,398.254
DBW39,CC,AA,AG,AA,CC,GG,CC,89.219,41.703,66.074,2.592,107.578,406.135
DBW88,CC,AA,GG,GG,TT,AA,TT,91.164,42.659,46.816,2.675,95.858,483.249
GW322,GG,AA,AG,GG,TT,AA,TT,83.629,43.614,52.994,2.069,92.399,463.548
GW513,CC,AA,GG,GG,TT,GG,TT,76.822,45.764,53.187,2.452,96.819,391.875
GW519,CC,AG,GG,AG,TC,AA,TC,84.358,43.375,47.299,2.057,93.36,336.338
GW521,CC,AA,GG,AA,CC,GG,CC,79.739,44.092,51.16,2.383,88.749,398.442
GW522,CC,AA,GG,AA,CC,GG,CC,79.739,44.808,44.837,2.144,84.714,383.432
GW523,GG,AA,AG,GG,TT,AA,TT,79.01,43.614,43.776,2.18,86.443,369.548
GW525,CC,GG,GG,AA,CC,GG,CC,84.358,43.375,57.917,2.748,104.696,372.925
GW528,CC,GG,AG,AA,TT,AA,CC,84.601,43.136,52.511,2.447,100.085,474.055
HD2864,CC,AA,GG,AA,CC,GG,CC,80.469,45.286,48.554,2.098,86.251,359.416
HD2932,CC,GG,GG,GG,CC,GG,CC,84.844,43.853,46.189,2.218,92.784,433.528
HD2967,CC,AA,GG,AA,TT,GG,CC,94.81,40.27,51.401,2.182,101.046,434.279
HD3043,CC,AA,GG,AA,TT,GG,CC,88.733,42.181,59.22,2.463,107.386,448.913
HD3090,CC,AA,GG,AA,TT,AA,CC,83.385,43.614,59.944,2.429,99.893,437.843
HD3249,GG,AA,GG,GG,CC,GG,CC,82.899,43.136,58.158,2.697,100.853,486.063
HD3293,CC,GG,GG,AA,TT,AA,CC,84.115,43.375,45.465,2.503,103.928,405.384
HD3298,CC,AA,GG,AA,CC,GG,CC,84.358,42.42,52.656,2.358,94.513,408.574
HD3331,CC,AA,GG,AA,TT,GG,CC,86.789,42.897,56.035,1.964,99.701,423.959
HD3332,CC,AA,GG,AA,TT,GG,CC,81.684,45.286,43.196,2.035,101.814,475.369
HD3334,CC,AA,AG,GG,CC,AA,TC,83.385,42.897,41.748,2.278,97.971,427.899
HD3348,CC,GG,GG,GG,CC,AA,TT,89.463,41.942,46.189,2.322,97.395,430.714
HD3349,CG,AA,GG,AA,TT,GG,CC,79.496,43.614,48.361,2.423,97.011,377.991
HD3350,CC,AA,GG,AA,TT,GG,CC,80.955,44.092,52.222,2.247,94.321,380.242
HD3351,GG,AA,GG,GG,CC,GG,TT,85.33,43.136,45.803,2.494,97.587,402.945
HD3352,CC,AA,GG,AA,CC,GG,CC,89.219,42.181,65.109,2.516,93.36,452.853
HD3354,GG,AA,GG,GG,TT,AA,TT,81.441,43.375,57.579,2.597,99.701,516.646
HD3355,CG,AA,GG,GG,TT,GG,TT,84.844,43.375,57.772,2.47,98.356,466.175
HD3356,CG,AA,GG,AG,TT,GG,TT,90.435,40.986,33.399,2.1,95.474,400.318
HD3357,CG,AA,GG,AA,CC,GG,CC,83.872,43.375,47.83,2.256,95.474,458.482
HD3359,CC,AA,GG,GG,TT,AA,TT,83.629,43.136,61.103,2.432,94.129,450.227
HD3360,CC,AA,AG,AA,CC,AA,CC,82.17,43.853,32.916,2.205,97.971,406.135
HD3362,GG,GG,GG,GG,CC,GG,TT,82.656,43.853,55.456,2.673,103.543,476.87
HD3363,GG,AA,GG,AA,TT,GG,CC,84.844,42.659,44.113,2.454,105.465,451.915
HD3364,CC,GG,GG,GG,TT,GG,CC,78.281,44.57,50.098,2.516,101.046,417.58
HD3368,CC,AA,GG,AA,TT,AA,CC,84.601,43.614,43.438,1.796,95.666,453.604
HD3371,CC,AA,AA,AA,CC,GG,CC,89.463,40.986,49.664,2.434,100.469,462.047
HD3376,CC,AA,AG,AA,CC,GG,CC,88.984,40.986,38.328,2.106,92.707,411.303
HD3377,CC,AA,GG,GG,TT,GG,TT,77.559,43.614,46.581,2.375,92.322,462.9
HI1544,CC,AA,GG,GG,TT,GG,TT,78.288,43.853,49.67,2.065,88.672,377.905
HI1563,CC,AA,GG,AA,CC,AA,CC,79.018,44.57,54.062,2.286,101.545,382.221
HI1628,GG,AA,GG,AA,TT,GG,CC,84.852,43.614,60.723,2.649,105.58,436.069
HI1634,GG,AA,AG,GG,TT,AA,TT,80.962,44.331,53.001,2.556,91.746,418.433
HI1636,CC,AA,GG,AA,CC,GG,CC,78.288,44.331,42.431,2.27,98.663,359.893
HI1637,CC,AA,GG,GG,CC,AA,TT,76.101,45.047,41.948,2.226,90.401,381.47
HI1646,CC,AA,GG,AA,TT,GG,CC,82.664,43.614,57.007,2.253,95.973,420.496
HI1647,CC,AA,GG,AG,TT,AG,CC,84.122,42.897,57.055,2.435,96.165,443.95
HI1648,CC,AA,GG,GG,TT,AG,TT,79.504,43.853,53.145,2.652,100.392,409.239
HI1649,CC,AA,GG,AA,TT,AA,CC,77.559,43.853,48.608,2.553,95.781,507.367
HI1650,CC,GG,AG,GG,TT,AA,TT,81.449,43.375,48.705,2.464,98.086,417.87
HI1651,GG,AA,GG,GG,TT,GG,TT,80.476,43.614,49.284,2.222,90.977,413.93
HI1653,CC,AA,GG,AA,TC,AA,CC,86.553,43.375,51.794,2.852,95.973,466.465
HI1654,CC,AA,GG,AA,CC,GG,CC,88.984,42.42,50.78,2.464,96.357,389.913
HPW469,CC,AA,GG,AA,TT,GG,CC,92.627,42.897,53.242,2.358,106.733,463.65
HPW470,CC,AA,GG,AA,CC,GG,CC,86.553,41.464,48.029,2.117,99.624,346.947
HPW471,CC,AA,GG,AA,TT,GG,CC,88.984,42.42,48.85,2.34,107.117,475.096
HPW472,CC,AA,GG,GG,CC,AA,TT,86.553,44.57,51.118,2.222,96.357,385.598
HPW473,CC,AA,GG,AA,CC,GG,CC,82.907,43.375,40.983,2.288,99.816,403.047
HS675,CC,AA,AG,AG,CC,AA,TT,84.607,41.942,43.492,1.615,98.471,260.452
HS676,CC,AA,GG,GG,CC,AA,TT,92.873,42.181,39.583,1.747,91.938,331.374
HS677,CC,AA,GG,AA,TT,AA,CC,86.553,41.464,44.844,2.137,105.772,396.668
HS678,CC,AA,GG,AA,TT,GG,CC,92.873,42.897,52.035,2.072,101.929,385.035
HS679,CC,AA,GG,GG,CC,AA,TT,84.852,43.136,44.216,2.141,96.741,363.271
HS680,CG,AA,AA,GG,TT,AA,TT,83.393,43.375,44.844,2.351,98.663,489.543
HS681,CC,AA,AG,AA,CC,AA,CC,81.692,43.375,38.714,2.291,97.702,374.716
HUW838,CC,GG,GG,GG,CC,GG,TT,88.012,43.614,53.966,2.562,99.239,509.619
HUW839,CC,AA,AG,AA,CC,AA,CC,81.935,42.659,58.889,2.473,104.235,444.325
HUW840,CC,AA,GG,AA,TT,AG,CC,87.039,41.225,46.919,2.221,93.475,412.616
HUW843,CC,AA,GG,AA,TT,AA,CC,83.391,45.286,39.342,2.028,98.471,417.119
JKW261,CC,AA,AG,AA,TT,GG,CC,80.961,42.897,52.373,2.251,98.471,431.003
JKW270,CC,AA,GG,AA,CC,AA,CC,85.824,43.614,64.15,2.794,95.589,444.137
JKW275,CC,AA,GG,AA,CC,GG,CC,83.636,43.136,55.896,2.527,98.086,332.5
JKW278,CC,AA,AG,GG,CC,AA,TT,83.879,43.136,59.082,2.516,96.934,434.006
K1006,CC,AA,AG,AA,CC,AA,CC,83.15,41.225,54.835,2.253,93.667,414.868
K1317,CC,GG,AG,GG,CC,AA,TT,91.901,41.225,48.657,2.369,100.392,410.177
K1901,GG,AA,GG,GG,TT,AG,CC,90.929,43.853,62.364,2.182,90.977,371.339
K1903,CC,AA,GG,GG,TT,GG,TT,84.609,43.136,52.421,2.244,105.003,412.053
K1905,GG,AA,GG,AA,TT,AA,TT,81.69,44.092,53.58,2.534,107.501,492.732
K1907,CC,AA,GG,AA,TT,AA,CC,82.907,43.614,45.809,2.3,98.663,429.878
K1908,CC,GG,GG,AA,TT,GG,CC,81.449,44.092,35.673,2.182,103.082,391.602
KRL1803,GG,AA,GG,AA,TT,AA,CC,78.288,43.375,56.813,2.318,98.855,518.437
KRL1808,CC,AG,GG,AA,CC,GG,CC,81.692,40.031,31.764,1.785,100.008,405.486
KRL1810,CG,AA,GG,AA,CC,AA,CC,91.172,40.27,33.598,1.593,97.51,396.293
LOK77,CC,AA,GG,AA,TT,GG,CC,93.603,40.747,52.277,2.039,97.894,428.377
MACS6478,CC,AA,AG,GG,CC,AA,TT,88.132,42.659,55.703,2.558,89.632,503.427
MACS6747,CC,AA,GG,AA,TT,AA,CC,85.581,44.092,46.919,2.511,99.047,389.913
MACS6755,CC,AA,GG,AA,TT,GG,CC,82.662,43.614,47.498,2.378,117.684,450.892
MACS6764,CC,GG,AG,AA,TT,AA,CC,79.504,43.614,55.076,2.781,97.318,437.57
MACS6768,CC,AA,AG,AA,TT,AG,CC,81.205,44.092,61.833,2.574,91.362,466.652
MACS6774,CG,AA,GG,AA,TT,GG,CC,85.579,43.375,56.813,2.473,94.628,480.161
MP1358,GG,AA,GG,AA,CC,GG,CC,80.962,42.897,57.972,2.545,99.239,509.806
MP1361,CG,AA,GG,AA,CC,AA,CC,85.581,43.136,47.257,2.369,93.475,404.361
MP1367,CC,AA,GG,AA,CC,AA,CC,83.393,43.853,51.504,2.277,96.934,418.057
MP1368,CC,AA,GG,AA,TT,AA,CC,82.907,44.092,39.342,2.037,98.855,371.526
MP1369,CC,AA,GG,AA,CC,GG,CC,79.018,43.375,46.823,2.164,91.938,425.938
MP1370,GG,AA,AG,AA,TT,AA,TT,80.719,44.092,43.734,2.317,90.785,387.287
MP1371,CC,AA,GG,AA,CC,GG,CC,80.233,43.136,54.448,2.057,95.204,453.143
MP3288,CC,AA,GG,AA,CC,GG,CC,75.856,43.375,45.037,2.266,99.431,391.977
MP3523,CC,AA,GG,AA,CC,GG,CC,80.474,43.853,52.614,2.277,103.466,431.003
MP3526,CC,AA,GG,GG,TT,GG,TT,79.99,43.375,58.841,2.645,100.584,422.56
MP3529,GG,AA,GG,AA,TT,AA,CC,82.662,43.136,53.097,2.121,93.283,418.245
NIAW3170,CC,GG,GG,AA,CC,AA,CC,82.176,42.659,50.105,2.237,102.698,439.634
NIAW3851,CC,AG,GG,AA,TT,AA,CC,83.15,41.942,45.906,2.369,96.549,392.353
NIAW3855,CC,GG,AG,GG,TT,AA,TT,86.067,42.42,48.078,2.373,97.51,450.329
NIAW3882,CC,AA,GG,AA,TT,GG,CC,84.122,43.375,59.372,2.618,95.781,429.127
NIAW3889,CC,AA,GG,AA,TT,GG,CC,84.122,43.136,61.157,2.485,100.776,477.159
NIAW3898,CC,AA,GG,GG,CC,AA,TT,74.884,44.808,50.702,2.086,93.717,419.167
NW7079,CC,AG,AG,GG,TT,AA,TT,76.34,42.42,66.437,2.519,97.752,336.049
NW7088,GG,AA,GG,AA,CC,GG,CC,86.064,42.659,54.467,2.169,103.9,416.916
NW7092,GG,AA,GG,AA,TT,GG,CC,86.064,43.375,57.218,2.626,98.52,448.062
NW7093,CC,AA,GG,AA,CC,AA,CC,82.417,42.897,63.058,2.305,103.516,448.812
NW8000,CC,AA,GG,AA,TT,GG,CC,86.065,42.897,64.168,2.318,94.485,414.289
NWS2176,GG,AA,GG,AA,TT,GG,CC,85.821,44.092,59.149,2.692,88.145,463.447
NWS2180,CG,AA,GG,GG,TT,AA,TC,81.688,42.659,49.592,2.227,97.175,444.684
PBW644,CC,AA,AG,GG,TT,AA,TT,87.036,41.942,53.55,2.469,95.254,502.473
PBW803,CC,AA,AG,AA,CC,AA,CC,85.821,44.331,40.808,2.34,93.717,411.099
PBW804,CC,AG,GG,AA,CC,GG,CC,79.014,42.897,46.648,2.16,95.062,373.949
PBW811,CC,AA,GG,AA,TT,AA,CC,85.578,45.047,50.799,2.327,97.752,428.549
PBW812,CC,AA,AG,AA,CC,AA,CC,78.528,43.853,40.808,1.962,96.022,418.98
PBW813,CC,AA,GG,AA,CC,GG,CC,80.959,43.614,39.07,1.988,100.249,361.191
PBW826,CC,AA,GG,AA,CC,GG,CC,85.091,43.853,53.116,2.788,88.337,483.71
PBW827,CC,AA,GG,AA,CC,GG,CC,84.362,43.375,49.11,2.109,92.756,418.229
PBW828,CC,AA,GG,AA,CC,GG,CC,85.091,43.136,51.281,2.198,96.983,447.874
PBW829,CG,AA,GG,AA,TT,AA,CC,84.119,40.986,56.398,2.387,92.18,445.247
PBW830,CG,AA,GG,AA,TT,GG,CC,86.793,43.614,57.17,2.251,101.018,327.418
PBW831,GG,AA,GG,AA,CC,GG,CC,84.362,42.181,54.805,2.24,93.717,391.399
PBW832,CC,GG,AA,GG,TT,AA,TT,87.279,44.092,56.735,2.659,94.677,468.888
PBW833,CC,AA,GG,GG,TT,AA,TT,80.473,42.659,39.457,1.754,99.673,419.355
PBW834,CC,AA,GG,GG,CC,AG,CC,86.793,45.525,42.739,2.267,95.446,381.642
PBW836,GG,GG,AG,GG,TT,AG,TT,82.662,43.136,52.198,1.776,93.525,433.802
PBW838,CC,AA,GG,AA,CC,AA,CC,81.69,42.897,48.53,2.492,96.022,400.217
PBW840,CC,AA,AG,GG,CC,AA,TT,86.794,44.092,56.784,2.169,85.839,403.407
PBW841,CG,AA,GG,AA,TT,GG,CC,78.042,41.703,55.529,2.45,97.367,411.475
Raj4083,CG,AA,GG,AA,TT,AA,CC,87.281,44.808,49.978,2.044,89.682,387.271
RAJ4547,GG,AA,GG,GG,TT,GG,TT,82.176,42.181,51.378,2.044,96.022,449.938
RAJ4553,CC,AA,GG,AA,CC,GG,CC,79.745,43.136,49.737,1.689,86.415,374.325
Raj4554,CC,AA,GG,AA,CC,AA,CC,83.876,41.942,32.603,1.93,95.062,358.001
RVW4301,CC,AA,GG,AA,CC,AA,CC,86.307,45.525,46.745,2.238,89.298,408.097
RVW4304,CC,AA,AG,AA,TT,AA,CC,74.396,40.986,53.791,2.432,92.564,453.503
RVW4309,CC,AA,GG,GG,CC,GG,CC,87.765,40.27,56.349,2.095,98.712,430.612
SKW356,GG,AA,AG,GG,CC,AA,TT,89.953,44.331,33.327,1.663,96.791,275.446
TAW155,CC,AA,AG,GG,TT,AA,TT,81.688,42.181,44.91,2.389,95.254,388.959
UAS3008,CC,AA,GG,GG,TT,AA,TT,87.036,36.686,55.336,2.396,98.328,493.279
UAS3011,CC,AA,AA,AA,TC,AA,TC,84.605,41.942,59.1,2.791,102.555,502.098
UAS3012,GG,GG,GG,AA,CC,GG,CC,85.578,41.942,52.729,2.737,94.101,518.609
UAS3013,CC,AA,GG,AA,TT,AA,CC,88.494,40.747,48.82,2.209,104.861,502.473
UAS3014,CC,AA,GG,AA,CC,AA,CC,86.064,41.225,55.432,2.664,92.564,534.745
UP3033,CC,AA,GG,AA,TT,GG,CC,81.202,43.614,57.99,2.077,96.214,430.8
UP3051,CC,AA,AG,AA,CC,GG,CC,88.738,41.942,42.98,2.066,97.367,511.854
UP3053,CG,GG,GG,AG,CC,AA,TT,86.064,42.42,59.921,2.381,99.481,390.085
UP3054,CC,AA,GG,AA,CC,GG,CC,84.848,43.136,54.95,2.478,91.219,481.084
UP3057,CC,AA,GG,GG,TT,AA,TT,88.981,41.703,68.367,2.577,100.634,446.748
UP3058,CC,AA,AG,GG,TT,AA,TT,87.522,42.42,41.291,2.282,110.433,414.852
UP3059,CG,AA,GG,AG,CC,AA,CC,89.71,41.464,49.592,2.436,100.057,467.199
UP3060,CC,GG,GG,AA,CC,GG,CC,87.036,42.897,55.384,3.876,99.481,448.437
UP3062,CC,AA,AG,AA,CC,AA,CC,89.953,41.464,53.164,2.501,103.324,458.944
UP3064,CC,GG,AG,AA,CC,AA,CC,90.682,41.703,40.47,1.881,93.909,368.133
UP3069,CC,AA,AA,AA,CC,GG,CC,84.362,43.375,31.445,1.716,94.293,382.205
VL2039,CC,AA,GG,AA,TT,AA,CC,72.694,46.481,48.53,2.672,102.555,478.269
VL2040,CC,AA,GG,GG,CC,GG,CC,87.765,42.897,38.829,1.855,91.603,341.865
VL2041,CC,AA,GG,GG,TT,AA,TT,100.405,41.703,47.758,3.345,107.358,315.41
VL2042,CC,AA,GG,GG,TT,AA,TT,85.821,42.181,35.692,2.176,108.703,537.184
VL3022,CC,AA,GG,GG,TT,GG,TT,88.251,43.853,34.534,1.91,103.324,455.191
VL3023,CC,AA,GG,GG,CC,GG,TT,78.285,44.092,47.71,2.305,88.145,458.569
VL892,CC,AA,GG,AA,TT,AA,CC,79.257,44.092,60.259,2.253,98.328,409.035
WH1021,CC,AA,AG,GG,TT,AA,TT,82.904,42.659,48.723,2.331,98.52,426.297
WH1105,GG,AA,GG,AA,TT,GG,CC,84.605,42.42,68.995,2.753,90.45,443.371
WH1252,CC,GG,GG,AA,CC,GG,CC,84.605,43.136,45.248,2.285,91.795,451.439
WH1264,CC,AA,GG,GG,CC,AA,TT,81.688,44.092,51.812,2.287,103.131,388.584
WH1270,CC,AA,GG,AA,CC,GG,CC,82.417,43.853,49.496,2.352,97.559,492.341
WH1271,CC,AA,AG,GG,TT,GG,TT,88.251,41.464,56.735,2.599,94.87,466.824
WH1273,CG,AG,GG,AG,TT,GG,CC,89.224,42.181,60.162,2.347,90.642,445.622
WH1274,GG,AA,GG,AA,CC,GG,CC,82.174,43.136,51.812,2.242,97.752,463.072
WH1275,CC,AA,AG,AA,CC,AA,CC,83.39,43.614,42.111,2.088,88.145,407.347
WH1276,CC,AA,GG,AA,TT,AA,CC,84.605,42.897,64.506,2.946,99.481,524.801
WH1277,CC,AA,GG,GG,CC,AA,TT,85.336,42.181,53.259,2.592,99.328,506.212
WH1278,CC,AA,GG,GG,CC,AG,TT,80.717,43.853,43.993,2.255,94.525,369.995
WH1279,CC,GG,GG,AA,CC,GG,CC,87.524,43.136,42.786,2.135,97.983,445.046
WH1280,CC,AA,GG,AA,CC,GG,CC,85.579,42.42,44.91,2.331,94.141,400.203
WH1281,GG,AA,GG,AA,TT,GG,CC,89.711,41.464,59.003,2.915,105.669,471.501
WH1283,CC,AA,GG,AA,CC,GG,CC,82.905,44.092,55.576,2.392,99.136,461.181
WH1284,GG,AA,GG,AA,TT,GG,CC,80.717,44.331,55.962,2.365,103.363,521.409
HPW474,CC,AA,GG,AA,CC,GG,CC,84.365,43.375,36.705,1.959,97.407,394.949
VL3024,CC,GG,GG,GG,CC,AA,TT,87.524,42.42,31.878,1.988,87.608,341.101
DBW291,CC,GG,GG,AG,CC,AA,TT,79.016,44.331,51.811,2.432,100.481,401.141
JAUW672,GG,AA,GG,AA,CC,AA,CC,78.045,42.897,56.397,2.501,104.516,368.869
RAJ4541,CC,AA,GG,AA,CC,GG,CC,81.202,43.136,41.724,2.249,95.678,416.714
MP3336,CC,AA,GG,AA,CC,AA,CC,85.581,44.092,38.056,1.879,84.918,369.245
HI1633,CC,AA,AG,GG,TT,AA,TT,82.419,43.614,54.369,2.351,91.451,433.788
HI1641,GG,AA,GG,AA,TT,GG,CC,84.364,43.614,49.205,2.3,97.983,405.081
HI1642,CC,AA,GG,AA,CC,GG,CC,79.988,44.808,40.952,2.331,94.717,425.908
MACS6752,GG,AA,AG,AA,TT,AA,CC,84.85,43.136,45.296,2.343,93.372,404.894
MACS6749,CC,AA,GG,AA,CC,AA,CC,79.504,44.092,54.756,2.38,91.066,475.066
HD3353,CC,AA,GG,AA,CC,GG,CC,85.093,43.375,49.784,2.169,92.603,455.177
DBW306,CC,AA,GG,GG,TT,GG,TT,80.717,42.659,57.41,2.851,95.485,431.724
DBW308,CC,AA,GG,AG,TT,GG,TT,86.308,43.136,45.103,2.434,98.752,462.87
DBW309,CC,GG,AA,GG,TT,GG,TT,82.905,43.853,50.026,2.392,96.638,425.345
DBW334,CC,AA,GG,AA,CC,GG,CC,83.878,43.136,56.831,2.724,97.599,477.88
RAJ4546,CC,AA,GG,AA,TC,AA,CC,81.933,43.614,36.415,2.258,99.328,410.147
RAJ4548,CC,AA,AA,AA,CC,GG,CC,86.55,44.57,50.122,2.38,99.136,386.319
WH1272,CC,AA,GG,AA,CC,GG,CC,89.225,41.703,34.002,1.845,91.066,445.796
UP3052,CC,AA,GG,AA,TC,AG,CC,88.01,42.897,52.873,2.109,96.83,416.526
RAJ4549,CC,AA,GG,AA,CC,GG,CC,78.773,40.27,57.989,2.28,92.027,420.467
RAJ4550,GG,AA,GG,AA,CC,GG,CC,93.115,42.897,55.335,2.149,96.254,409.209
K1904,GG,AA,GG,AA,CC,AA,CC,84.122,44.092,55.817,2.209,100.097,412.211
UP3055,CC,AA,AG,AA,CC,GG,CC,89.955,40.986,56.879,2.245,90.874,446.734
UP3056,CC,AA,AA,AG,TC,GG,TC,88.496,41.703,64.167,2.274,93.756,417.652
BRW3869,CC,AA,GG,AA,CC,GG,CC,85.093,42.897,44.234,2.467,101.634,426.283
HUW841,CC,AA,GG,GG,TT,AA,TT,91.172,43.853,48.674,2.349,95.293,440.167
AAI-W22,CC,AA,GG,AA,CC,GG,CC,86.794,42.897,77.681,2.88,89.721,314.458
DBW315,CC,AA,GG,AA,TT,GG,CC,88.982,41.464,71.455,2.362,101.442,486.323
RAJ4551,CC,AA,GG,AA,TT,GG,CC,81.204,42.659,48.288,2.285,89.529,368.682
MP3535,CC,AA,GG,GG,TT,AA,TT,84.852,43.375,60.885,2.425,91.643,445.984
HD3365,CC,AA,AG,AA,CC,AA,CC,83.391,43.853,47.323,2.155,95.87,410.147
DBW317,CC,AA,GG,AA,TT,GG,CC,84.85,42.42,52.294,2.391,100.481,412.774
DBW318,CG,GG,GG,AA,CC,GG,CC,85.336,43.853,44.572,2.338,97.599,391.009
RAJ4552,CC,AA,AA,GG,CC,GG,TT,82.419,43.136,57.41,2.363,92.027,460.806
PBW835,CC,GG,AG,GG,TT,AA,TT,76.584,43.614,48.916,1.961,95.485,389.884
UP3061,CC,AA,GG,AA,TT,AA,CC,85.336,43.136,46.357,2.244,99.713,452.551
UP3065,CC,AA,GG,AA,CC,GG,CC,84.85,42.181,55.866,2.802,93.756,549.928
HD3366,GG,AA,GG,AA,TT,GG,CC,86.551,42.659,74.013,2.657,100.481,445.796
HD3367,CC,AA,GG,GG,TT,AA,TT,85.822,42.659,58.569,2.084,100.097,484.259
HI1652,CC,AA,GG,AA,CC,AA,CC,79.988,44.092,45.827,2.167,87.8,458.93
MP3527,CG,AG,GG,AA,CC,GG,CC,84.852,44.092,45.971,2.4,96.638,468.311
GW527,CC,AA,GG,AA,CC,AA,CC,76.099,43.136,39.118,1.83,85.11,370.933
PBW837,CC,GG,AG,GG,TT,AA,TT,82.417,43.375,54.804,2.166,101.25,440.355
NIAW3895,CC,AA,GG,GG,CC,AA,TT,83.15,44.57,40.614,2.106,99.328,452.551
MP1372,CC,AA,GG,AA,TT,AA,CC,84.609,45.286,52.584,2.251,92.603,434.726
MACS6769,CC,AA,GG,AA,TT,GG,CC,78.532,41.942,46.888,2.051,92.796,467.561
HD3369,CC,GG,GG,AA,CC,GG,CC,86.065,42.897,37.622,1.857,95.87,496.83
DBW323,CC,AA,AA,GG,CC,AA,TT,89.225,41.703,51.715,2.291,105.285,517.844
DBW324,CC,AA,GG,GG,TT,GG,CC,89.711,40.986,52.198,2.476,106.245,438.666
NW7096,CC,GG,GG,AA,CC,GG,CC,84.362,43.136,48.336,2.36,95.678,419.716
JAUW683,CC,AA,AA,GG,TT,AA,TT,86.308,44.331,36.27,2.187,100.097,331.907
PBW839,CC,AA,GG,GG,CC,GG,TT,86.307,43.136,47.516,2.456,94.717,427.409
PBW848,CG,AA,AA,AA,TC,AG,CC,86.55,42.659,55.769,2.244,91.643,424.219
BRW3863,CC,GG,GG,GG,CC,AG,TT,81.69,43.136,62.671,2.421,107.206,437.353
BCW5,CC,GG,AA,AG,CC,AA,TT,88.253,42.42,55.769,2.274,96.062,450.299
HD3372,CC,AA,GG,GG,CC,GG,TT,78.044,44.808,46.502,2.51,93.756,469.062
HI1655,CC,AA,GG,GG,TT,AA,CC,80.961,43.136,42.4,2.03,96.062,400.766
AKAW5088,CC,AA,GG,AA,CC,GG,CC,78.53,45.047,44.282,2.144,104.708,392.886
MACS6753,CC,AA,AG,AA,TT,AA,CC,84.85,42.897,55.335,2.897,117.005,404.518
DBW330,CC,AA,GG,AA,TT,GG,CC,85.336,43.136,45.875,2.343,107.974,509.776
DBW173,CC,AA,GG,GG,CC,AA,TT,86.794,42.42,59.437,2.398,100.673,478.818
DBW187,CC,AA,GG,AA,CC,GG,CC,82.464,44.362,45.776,2.475,98.719,461.657
MACS6222,CC,AA,AG,AA,TT,AA,CC,90.442,40.267,54.487,2.405,95.316,437.051
WH1124,CC,AA,AG,AA,CC,AA,CC,81.54,43.646,45.875,2.095,94.597,409.141
WH1142,CC,AA,GG,AA,TT,GG,CC,85.052,43.236,59.132,2.377,100.061,418.77
